DATE,CODE,CODE-2,MEAN,CLASSIFICATION
2014,AUS,AU,18.3926350338115,0.16666666666666666
2014,AUT,AT,25.45733333333333,0.4
2014,BEL,BE,21.207407407407405,0.3333333333333333
2014,BOL,BO,9.266666666666667,0.0
2014,BRA,BR,15.391666666666666,0.16666666666666666
2014,CAN,CA,8.293133718133719,0.0
2014,CHE,CH,16.4,0.0
2014,CHL,CL,16.054090094493322,0.16666666666666666
2014,CHN,CN,52.43590818825072,1.1666666666666667
2014,COL,CO,14.338888888888889,0.16666666666666666
2014,CYP,CY,30.023333333333333,0.4
2014,CZE,CZ,29.109666666666662,0.4
2014,DEU,DE,16.264618810102682,0.16666666666666666
2014,DNK,DK,68.95555555555556,0.8333333333333334
2014,ESP,ES,16.696451884435756,0.16666666666666666
2014,FIN,FI,11.51611111111111,0.16666666666666666
2014,FRA,FR,20.85188855150697,0.3333333333333333
2014,GBR,GB,20.843796296296297,0.3333333333333333
2014,HKG,HK,35.49444444444444,0.3333333333333333
2014,HRV,HR,15.270555555555553,0.16666666666666666
2014,HUN,HU,18.6515873015873,0.16666666666666666
2014,IND,IN,73.69817460317459,1.3333333333333333
2014,ISR,IL,26.63308979147215,0.3333333333333333
2014,ITA,IT,21.571103896103896,0.3333333333333333
2014,JPN,JP,23.278667341430502,0.3333333333333333
2014,KOR,KR,40.56357815442561,0.8333333333333334
2014,LTU,LT,19.060000000000002,0.4
2014,MAC,MO,47.65,1.0
2014,MEX,MX,37.364814814814814,1.0
2014,MNG,MN,57.188888888888876,1.1666666666666667
2014,NLD,NL,18.23114478114478,0.16666666666666666
2014,NOR,NO,14.245833333333335,0.16666666666666666
2014,PER,PE,25.099999999999998,0.3333333333333333
2014,POL,PL,29.659990253411305,0.3333333333333333
2014,PRT,PT,15.206666666666667,0.2
2014,REU,RE,7.713333333333333,0.0
2014,RUS,RU,11.261111111111113,0.16666666666666666
2014,SGP,SG,11.15,0.16666666666666666
2014,SLV,SV,98.33333333333331,2.0
2014,SVK,SK,20.419999999999998,0.8
2014,THA,TH,19.20267973856209,0.4
2014,TUR,TR,21.6620406681191,0.3333333333333333
2014,TWN,TW,35.40432098765432,0.5
2014,USA,US,11.9115137202589,0.16666666666666666
2014,VNM,VN,42.51666666666667,1.1666666666666667
2014,ZAF,ZA,7.283333333333333,0.0
2015,ARE,AE,46.03878086419753,0.6666666666666666
2015,ARG,AR,13.114622973925298,0.0
2015,AUS,AU,34.356392727923364,0.16666666666666666
2015,AUT,AT,17.662014184241055,0.2
2015,BEL,BE,17.325254976129255,0.16666666666666666
2015,BGR,BG,24.201299793356153,0.3333333333333333
2015,BOL,BO,15.577662570404506,0.0
2015,BRA,BR,17.54791591235869,0.16666666666666666
2015,CAN,CA,12.371236646689526,0.16666666666666666
2015,CHE,CH,15.865925925925925,0.0
2015,CHL,CL,26.331985541206816,0.3333333333333333
2015,CHN,CN,41.76653999843526,0.8333333333333334
2015,COL,CO,21.05460405156538,0.3333333333333333
2015,CYP,CY,19.880538943390135,0.16666666666666666
2015,CZE,CZ,24.227965379153964,0.4
2015,DEU,DE,18.272171047333988,0.16666666666666666
2015,DNK,DK,17.368253968253967,0.16666666666666666
2015,ECU,EC,22.426053639846742,0.16666666666666666
2015,ESP,ES,15.646231408714934,0.16666666666666666
2015,FIN,FI,11.501144191313953,0.16666666666666666
2015,FRA,FR,17.61002914658367,0.16666666666666666
2015,GBR,GB,15.50756122062475,0.16666666666666666
2015,GTM,GT,21.05,0.0
2015,HKG,HK,27.127601410934744,0.3333333333333333
2015,HRV,HR,15.420269152007384,0.16666666666666666
2015,HUN,HU,16.98319908661967,0.16666666666666666
2015,IDN,ID,66.33333333333334,1.0
2015,IND,IN,47.84240844399815,1.0
2015,IRN,IR,47.9188596491228,1.3333333333333333
2015,ISL,IS,6.6,0.0
2015,ISR,IL,24.900308550832452,0.3333333333333333
2015,ITA,IT,25.842555168554455,0.3333333333333333
2015,JPN,JP,19.145919698588962,0.16666666666666666
2015,KOR,KR,30.32640060805181,0.3333333333333333
2015,LTU,LT,17.6277413226077,0.2
2015,MAC,MO,29.424514991181656,0.3333333333333333
2015,MEX,MX,30.06189559120919,0.6666666666666666
2015,MKD,MK,22.316666666666666,0.3333333333333333
2015,MNG,MN,44.46299392097264,0.6666666666666666
2015,NLD,NL,17.101126343244086,0.16666666666666666
2015,NOR,NO,11.945147430253456,0.16666666666666666
2015,NZL,NZ,10.458333333333334,0.25
2015,PER,PE,25.640177043276434,0.5
2015,POL,PL,21.52921222835077,0.3333333333333333
2015,PRT,PT,20.02838882269426,0.2
2015,REU,RE,6.876907149190759,0.0
2015,ROU,RO,18.987186357174338,0.2
2015,RUS,RU,16.05195094760312,0.16666666666666666
2015,SGP,SG,17.39305697778524,0.16666666666666666
2015,SLV,SV,106.65193370165746,2.0
2015,SRB,RS,13.830659056703936,0.16666666666666666
2015,SVK,SK,24.600738526827364,0.8
2015,SWE,SE,16.698003284150403,0.0
2015,THA,TH,17.397291120227692,0.0
2015,TUR,TR,25.114167851004567,0.3333333333333333
2015,TWN,TW,25.474283057771746,0.3333333333333333
2015,USA,US,14.628378131812303,0.16666666666666666
2015,VNM,VN,27.552582935712877,0.6666666666666666
2015,ZAF,ZA,13.30921052631579,0.0
2016,ARE,AE,18.105234249912982,0.2
2016,ARG,AR,13.877910240333094,0.16666666666666666
2016,AUS,AU,9.057383155953923,0.0
2016,AUT,AT,15.515444889638541,0.2
2016,BEL,BE,15.353204403566833,0.16666666666666666
2016,BGD,BD,132.2016129032258,3.0
2016,BGR,BG,11.810683856804172,0.0
2016,BHR,BH,138.5,3.0
2016,BIH,BA,45.91979166666667,0.6666666666666666
2016,BOL,BO,21.55827441738675,0.0
2016,BRA,BR,16.33529346239901,0.16666666666666666
2016,CAN,CA,10.646316478210595,0.16666666666666666
2016,CHE,CH,9.070297196892941,0.0
2016,CHL,CL,26.23809746767736,0.6666666666666666
2016,CHN,CN,39.1033752435732,0.8333333333333334
2016,COL,CO,43.23174390962512,0.8333333333333334
2016,CYP,CY,21.897322029184775,0.16666666666666666
2016,CZE,CZ,22.186365079365082,0.2
2016,DEU,DE,17.88669223696066,0.16666666666666666
2016,DNK,DK,17.380944780332786,0.16666666666666666
2016,ECU,EC,21.737729171528056,0.16666666666666666
2016,ESP,ES,13.670527628199016,0.16666666666666666
2016,ETH,ET,56.0,1.0
2016,FIN,FI,12.092136164843035,0.16666666666666666
2016,FRA,FR,15.528783711689846,0.16666666666666666
2016,GBR,GB,15.235786873559915,0.16666666666666666
2016,HKG,HK,23.966754850088183,0.3333333333333333
2016,HRV,HR,15.10377268001173,0.16666666666666666
2016,HUN,HU,10.715824309525358,0.0
2016,IDN,ID,81.45634920634922,1.5
2016,IND,IN,46.73772366453087,0.6666666666666666
2016,IRN,IR,44.56725830533781,1.1666666666666667
2016,ISL,IS,8.89100529100529,0.0
2016,ISR,IL,26.995365886911788,0.8333333333333334
2016,ITA,IT,23.67767899462137,0.3333333333333333
2016,JPN,JP,18.075117385017165,0.16666666666666666
2016,KOR,KR,29.629325184793885,0.3333333333333333
2016,LTU,LT,14.557562521033566,0.2
2016,MAC,MO,27.027865961199296,0.3333333333333333
2016,MEX,MX,28.7524345902535,0.3333333333333333
2016,MKD,MK,22.75261780104712,0.3333333333333333
2016,MNG,MN,44.81675485008818,0.6666666666666666
2016,NLD,NL,15.481765784021897,0.16666666666666666
2016,NOR,NO,13.37542784193741,0.16666666666666666
2016,NPL,NP,111.33333333333334,2.0
2016,NZL,NZ,8.460298889974728,0.0
2016,PER,PE,29.46075837742504,0.5
2016,POL,PL,22.600208730389635,0.3333333333333333
2016,PRT,PT,16.08932445543689,0.2
2016,REU,RE,11.206335442431216,0.16666666666666666
2016,ROU,RO,22.350474400836895,0.2
2016,RUS,RU,15.284722222222221,0.16666666666666666
2016,SGP,SG,17.502028218694885,0.16666666666666666
2016,SLV,SV,89.30722891566265,2.0
2016,SRB,RS,21.048973206499547,0.3333333333333333
2016,SVK,SK,17.69831101373737,0.2
2016,SWE,SE,20.35771316532226,0.25
2016,THA,TH,32.61381849842629,0.3333333333333333
2016,TUR,TR,28.137773440276206,0.3333333333333333
2016,TWN,TW,24.338558342992624,0.3333333333333333
2016,USA,US,13.897468606185255,0.16666666666666666
2016,VNM,VN,33.649662443745385,0.8333333333333334
2016,ZAF,ZA,11.16641221374046,0.0
2017,ARG,AR,17.165800707541667,0.2
2017,AUS,AU,9.71602549726606,0.16666666666666666
2017,AUT,AT,17.751447610664904,0.2
2017,BEL,BE,17.865473117851074,0.16666666666666666
2017,BGD,BD,155.29834254143643,3.0
2017,BGR,BG,25.753017705404975,0.3333333333333333
2017,BHR,BH,128.4047619047619,3.0
2017,BIH,BA,33.775052412214585,0.5
2017,BOL,BO,15.583278659874404,0.0
2017,BRA,BR,14.829260859208455,0.16666666666666666
2017,CAN,CA,10.111688665651657,0.0
2017,CHE,CH,10.138230213291028,0.0
2017,CHL,CL,24.082204427911176,0.6666666666666666
2017,CHN,CN,39.788247828764455,0.6666666666666666
2017,COL,CO,20.445905326174216,0.3333333333333333
2017,CYP,CY,21.627966432474633,0.3333333333333333
2017,CZE,CZ,25.580223191525942,0.4
2017,DEU,DE,18.783135626922757,0.16666666666666666
2017,DNK,DK,16.651068376068377,0.16666666666666666
2017,ECU,EC,58.46408839779006,1.0
2017,ESP,ES,14.765590164504216,0.16666666666666666
2017,EST,EE,12.796687898089171,0.0
2017,ETH,ET,68.44505494505495,2.0
2017,FIN,FI,13.380260004146795,0.0
2017,FRA,FR,17.299423472172094,0.16666666666666666
2017,GBR,GB,15.802793261076488,0.16666666666666666
2017,HKG,HK,25.784881602914393,0.3333333333333333
2017,HRV,HR,17.016594615634396,0.16666666666666666
2017,HUN,HU,20.992671827389433,0.3333333333333333
2017,IDN,ID,60.23790706532089,1.0
2017,IND,IN,43.98182211741496,0.6666666666666666
2017,IRN,IR,42.80693815987934,1.0
2017,ISR,IL,22.905750858533807,0.3333333333333333
2017,ITA,IT,25.0739987297395,0.3333333333333333
2017,JPN,JP,17.844421750848817,0.16666666666666666
2017,KOR,KR,29.98835844119198,0.3333333333333333
2017,KWT,KW,99.98255813953487,2.0
2017,LTU,LT,9.475617283950616,0.0
2017,MAC,MO,27.02124542124542,0.3333333333333333
2017,MEX,MX,33.714361087658176,0.5
2017,MKD,MK,29.758652094717664,0.5
2017,MNG,MN,44.123406193078324,0.5
2017,NLD,NL,16.517588949270557,0.16666666666666666
2017,NOR,NO,11.632480680031437,0.16666666666666666
2017,NPL,NP,97.4674857284686,2.0
2017,NZL,NZ,9.690222640934387,0.16666666666666666
2017,PER,PE,25.80505801983904,0.5
2017,POL,PL,23.728087719161234,0.3333333333333333
2017,PRT,PT,19.2829287681048,0.2
2017,REU,RE,10.259409504481756,0.0
2017,ROU,RO,23.750672063102442,0.4
2017,RUS,RU,13.831056466302366,0.16666666666666666
2017,SGP,SG,17.141712204007288,0.16666666666666666
2017,SLV,SV,101.3,2.0
2017,SRB,RS,25.166132340798196,0.3333333333333333
2017,SVK,SK,22.33620239718426,0.4
2017,SWE,SE,18.086142857142857,0.0
2017,THA,TH,21.794938152478284,0.3333333333333333
2017,TUR,TR,29.040144074802114,0.3333333333333333
2017,TWN,TW,24.807588996079094,0.3333333333333333
2017,UGA,UG,105.56589147286822,2.0
2017,USA,US,13.608140010133633,0.16666666666666666
2017,VNM,VN,29.869973186982893,0.8333333333333334
2017,ZAF,ZA,11.259722222222221,0.0
2018,ARE,AE,45.27811399514939,0.5
2018,ARG,AR,14.899877261081615,0.16666666666666666
2018,AUS,AU,9.389769010486065,0.0
2018,AUT,AT,17.47821987014171,0.2
2018,BEL,BE,16.999646581089877,0.16666666666666666
2018,BGD,BD,159.9776536312849,3.0
2018,BGR,BG,23.987780258958324,0.3333333333333333
2018,BHR,BH,142.7325581395349,3.0
2018,BIH,BA,29.082161536338763,0.3333333333333333
2018,BOL,BO,15.962718378756113,0.0
2018,BRA,BR,16.342119088594064,0.16666666666666666
2018,CAN,CA,11.065897234693297,0.16666666666666666
2018,CHE,CH,10.033129573029544,0.0
2018,CHL,CL,24.28144357333467,0.6666666666666666
2018,CHN,CN,37.91336536228836,0.5
2018,COL,CO,19.83305869029351,0.3333333333333333
2018,CUW,CW,25.0,0.0
2018,CYP,CY,21.131786186590812,0.16666666666666666
2018,CZE,CZ,25.87586755882064,0.4
2018,DEU,DE,18.030586011135526,0.16666666666666666
2018,DNK,DK,17.443588742769073,0.16666666666666666
2018,ECU,EC,25.966519337016575,0.4
2018,ESP,ES,14.31296275695472,0.16666666666666666
2018,EST,EE,15.685872001481894,0.2
2018,ETH,ET,80.30188679245283,2.0
2018,FIN,FI,14.885727791648574,0.2
2018,FRA,FR,15.967761205225328,0.16666666666666666
2018,GBR,GB,15.917248233283665,0.16666666666666666
2018,HKG,HK,24.901275045537343,0.3333333333333333
2018,HRV,HR,16.188685916457555,0.16666666666666666
2018,HUN,HU,19.048008604588833,0.16666666666666666
2018,IDN,ID,71.00000000000001,1.0
2018,IND,IN,45.27099008399114,0.6666666666666666
2018,IRL,IE,18.076462703962704,0.2
2018,IRN,IR,38.65673838855355,1.0
2018,ISL,IS,7.079508196721312,0.0
2018,ISR,IL,25.121508387524432,0.3333333333333333
2018,ITA,IT,22.14682423573088,0.3333333333333333
2018,JPN,JP,17.45475717993311,0.16666666666666666
2018,KAZ,KZ,64.10714285714286,2.0
2018,KOR,KR,28.431205686127665,0.3333333333333333
2018,KWT,KW,114.28571428571428,2.0
2018,LKA,LK,90.77272727272728,2.0
2018,LTU,LT,23.01902602047974,0.25
2018,MAC,MO,23.33772204840801,0.3333333333333333
2018,MEX,MX,31.87992230607698,0.3333333333333333
2018,MKD,MK,23.042307692307688,0.3333333333333333
2018,MNG,MN,40.76657458563536,0.5
2018,NLD,NL,17.423689866714877,0.16666666666666666
2018,NOR,NO,13.182362664168096,0.16666666666666666
2018,NPL,NP,138.08474576271186,3.0
2018,NZL,NZ,8.845592878698785,0.0
2018,PER,PE,30.624079219536288,0.8333333333333334
2018,PHL,PH,21.86150980616557,0.5
2018,POL,PL,23.735547878095048,0.3333333333333333
2018,PRI,PR,55.0,1.0
2018,PRT,PT,17.905399190845785,0.2
2018,REU,RE,11.63209460458241,0.2
2018,ROU,RO,12.808841064893883,0.0
2018,RUS,RU,13.872258064516128,0.2
2018,SGP,SG,17.62074962330487,0.16666666666666666
2018,SLV,SV,86.88571428571429,2.0
2018,SRB,RS,23.353692036841228,0.3333333333333333
2018,SVK,SK,21.924976631774385,0.4
2018,SWE,SE,22.476432224585107,0.25
2018,THA,TH,23.289654518821738,0.3333333333333333
2018,TUR,TR,29.688158382098816,0.6666666666666666
2018,TWN,TW,24.48806657289266,0.3333333333333333
2018,UGA,UG,124.54651162790698,3.0
2018,USA,US,14.194335179172038,0.16666666666666666
2018,UZB,UZ,144.0,3.0
2018,VNM,VN,52.382296650717706,1.0
2018,ZAF,ZA,13.70990569019355,0.16666666666666666
2019,AFG,AF,194.14285714285717,3.0
2019,ARE,AE,37.981078789254994,0.5
2019,ARG,AR,14.330055493159948,0.16666666666666666
2019,AUS,AU,10.226190494145309,0.16666666666666666
2019,AUT,AT,14.488369038219625,0.2
2019,BEL,BE,14.095117037875418,0.16666666666666666
2019,BGD,BD,142.13513513513513,3.0
2019,BGR,BG,21.940082000213753,0.3333333333333333
2019,BHR,BH,118.00837988826817,2.0
2019,BIH,BA,27.68307686571787,0.3333333333333333
2019,BOL,BO,18.542780478386316,0.0
2019,BRA,BR,16.294200036316486,0.16666666666666666
2019,CAN,CA,9.5146600803151,0.16666666666666666
2019,CHE,CH,8.695549597855228,0.0
2019,CHL,CL,22.239534487164892,0.3333333333333333
2019,CHN,CN,33.07877329224328,0.5
2019,COL,CO,18.941665906294585,0.3333333333333333
2019,CRI,CR,27.03333333333333,1.0
2019,CUW,CW,37.50617283950617,1.0
2019,CYP,CY,21.108170645746576,0.3333333333333333
2019,CZE,CZ,20.293666360280767,0.2
2019,DEU,DE,14.420720503179853,0.16666666666666666
2019,DNK,DK,15.26657152992776,0.16666666666666666
2019,DZA,DZ,68.21757322175732,2.0
2019,ECU,EC,23.158995556203102,0.2
2019,ESP,ES,14.891973483179205,0.16666666666666666
2019,EST,EE,11.19760345028558,0.0
2019,ETH,ET,60.92057761732852,2.0
2019,FIN,FI,11.63501851947738,0.0
2019,FRA,FR,14.493506971050698,0.16666666666666666
2019,GBR,GB,13.790493913549518,0.16666666666666666
2019,GEO,GE,30.27741935483871,0.3333333333333333
2019,GRC,GR,22.648216380569323,0.16666666666666666
2019,GTM,GT,49.689655172413794,1.0
2019,HKG,HK,24.086987522281643,0.3333333333333333
2019,HRV,HR,14.33680545419471,0.16666666666666666
2019,HUN,HU,17.130122444554825,0.16666666666666666
2019,IDN,ID,88.52180613898008,1.5
2019,IND,IN,40.01066419146874,0.5
2019,IRL,IE,15.946469260486449,0.2
2019,IRN,IR,20.41505787557504,0.5
2019,IRQ,IQ,94.94603174603176,2.0
2019,ISL,IS,5.228382838283829,0.0
2019,ISR,IL,24.031044154898584,0.3333333333333333
2019,ITA,IT,20.703522801572525,0.16666666666666666
2019,JOR,JO,17.95609792093788,0.6
2019,JPN,JP,15.716041640307216,0.16666666666666666
2019,KAZ,KZ,59.29916897506925,1.0
2019,KGZ,KG,84.89538461538461,2.0
2019,KOR,KR,25.34198024748267,0.3333333333333333
2019,KWT,KW,113.45013477088948,2.0
2019,LAO,LA,58.6911206612716,1.0
2019,LKA,LK,67.73278236914601,2.0
2019,LTU,LT,23.45308264328144,0.25
2019,MAC,MO,22.62010859753472,0.3333333333333333
2019,MEX,MX,25.140978214664724,0.16666666666666666
2019,MKD,MK,23.89053187333675,0.3333333333333333
2019,MLI,ML,146.47058823529412,3.0
2019,MMR,MM,26.86558367306354,0.5
2019,MNG,MN,35.74462390486594,0.6666666666666666
2019,NLD,NL,14.57735242281237,0.16666666666666666
2019,NOR,NO,13.229054089831962,0.0
2019,NPL,NP,60.133403859173995,1.0
2019,NZL,NZ,9.967701782719022,0.2
2019,PAK,PK,135.29306722689077,3.0
2019,PER,PE,28.450698345622296,0.6666666666666666
2019,PHL,PH,19.845841177294012,0.16666666666666666
2019,POL,PL,19.82380916010865,0.3333333333333333
2019,PRI,PR,41.3,1.0
2019,PRT,PT,15.831271306083199,0.2
2019,REU,RE,11.186601147892743,0.16666666666666666
2019,ROU,RO,12.022287234189218,0.0
2019,RUS,RU,15.449117688840312,0.16666666666666666
2019,SAU,SA,25.421323305309514,0.3333333333333333
2019,SGP,SG,20.991550802139038,0.2
2019,SLV,SV,71.26287262872629,2.0
2019,SRB,RS,22.991408885785166,0.3333333333333333
2019,SVK,SK,19.309845595888348,0.2
2019,SWE,SE,19.991004543862395,0.25
2019,THA,TH,21.66015281103984,0.3333333333333333
2019,TJK,TJ,127.76767676767676,3.0
2019,TKM,TM,63.218934911242606,2.0
2019,TUR,TR,26.58843982507953,0.6666666666666666
2019,TWN,TW,21.141906077449033,0.16666666666666666
2019,UGA,UG,133.61369863013698,3.0
2019,UKR,UA,31.753693623639194,0.5
2019,USA,US,14.51785205632831,0.16666666666666666
2019,UZB,UZ,99.65930599369084,2.0
2019,VNM,VN,28.89266948200604,0.5
2019,ZAF,ZA,18.843618308095273,0.16666666666666666
2020,AFG,AF,110.4934036939314,2.0
2020,ARE,AE,32.558328827747395,0.5
2020,ARG,AR,12.39527026482611,0.16666666666666666
2020,AUS,AU,9.88155680542159,0.0
2020,AUT,AT,13.114531368279533,0.2
2020,BEL,BE,13.037155518861475,0.16666666666666666
2020,BGD,BD,140.694087403599,3.0
2020,BGR,BG,9.07985756789126,0.0
2020,BHR,BH,111.68781725888324,2.0
2020,BIH,BA,28.70589858721759,0.5
2020,BOL,BO,15.485307028239768,0.0
2020,BRA,BR,13.518583445098422,0.16666666666666666
2020,CAN,CA,9.730420231627734,0.0
2020,CHE,CH,8.16827060439158,0.0
2020,CHL,CL,20.783121493436358,0.16666666666666666
2020,CHN,CN,30.34997651855978,0.3333333333333333
2020,CIV,CI,67.41391941391942,2.0
2020,COL,CO,18.773924667553786,0.16666666666666666
2020,CRI,CR,34.44215938303342,1.0
2020,CUW,CW,38.72285714285714,1.0
2020,CYP,CY,19.88756833600191,0.2
2020,CZE,CZ,18.24802542958146,0.2
2020,DEU,DE,13.17419345633738,0.16666666666666666
2020,DNK,DK,13.996554918256338,0.16666666666666666
2020,DZA,DZ,65.71081081081081,2.0
2020,ECU,EC,21.127330396963906,0.2
2020,ESP,ES,13.237225556184796,0.16666666666666666
2020,EST,EE,10.777489360611188,0.0
2020,ETH,ET,69.18372703412074,2.0
2020,FIN,FI,10.947559541731225,0.0
2020,FRA,FR,13.120262115849558,0.16666666666666666
2020,GBR,GB,12.560430861256535,0.16666666666666666
2020,GEO,GE,24.362484418277294,0.3333333333333333
2020,GHA,GH,65.36963696369637,2.0
2020,GIN,GN,57.56401384083045,1.0
2020,GRC,GR,18.38316418736149,0.16666666666666666
2020,GTM,GT,60.46551724137931,2.0
2020,HKG,HK,19.89465488215488,0.16666666666666666
2020,HRV,HR,13.363470675898435,0.16666666666666666
2020,HUN,HU,16.675757368444067,0.16666666666666666
2020,IDN,ID,71.07781330620254,1.0
2020,IND,IN,34.31677319711861,0.5
2020,IRL,IE,12.41013574194962,0.0
2020,IRN,IR,32.51494804152466,1.0
2020,IRQ,IQ,102.52577319587628,2.0
2020,ISL,IS,5.3057753435396755,0.0
2020,ISR,IL,23.727882656510616,0.6666666666666666
2020,ITA,IT,20.631323428516826,0.16666666666666666
2020,JOR,JO,16.77596386703876,0.6
2020,JPN,JP,14.401860314078965,0.16666666666666666
2020,KAZ,KZ,24.782844894059277,0.2
2020,KGZ,KG,60.508951406649615,2.0
2020,KOR,KR,22.52734341142858,0.3333333333333333
2020,KWT,KW,31.297640544119414,0.8333333333333334
2020,LAO,LA,73.45070422535211,2.0
2020,LKA,LK,57.69796954314721,1.0
2020,LTU,LT,19.150176553672317,0.25
2020,MAC,MO,21.438931623931623,0.16666666666666666
2020,MEX,MX,23.506504504360393,0.6666666666666666
2020,MKD,MK,23.09330742659758,0.3333333333333333
2020,MLI,ML,116.03684210526316,2.0
2020,MMR,MM,34.93722943722943,1.0
2020,MNG,MN,31.89880044852168,0.5
2020,NLD,NL,13.68368574099315,0.16666666666666666
2020,NOR,NO,12.29917996187036,0.0
2020,NPL,NP,66.80708537119497,1.0
2020,NZL,NZ,8.712180472096557,0.2
2020,PAK,PK,126.55208333333331,3.0
2020,PER,PE,21.47299252677436,0.3333333333333333
2020,PHL,PH,15.29377551003665,0.4
2020,POL,PL,18.46606491240836,0.16666666666666666
2020,PRI,PR,37.4,1.0
2020,PRT,PT,14.973031241083637,0.2
2020,REU,RE,8.9162013536379,0.0
2020,ROU,RO,22.97797420501005,0.4
2020,RUS,RU,15.25596906282592,0.16666666666666666
2020,SAU,SA,27.542034909915287,0.3333333333333333
2020,SGP,SG,16.801291541367878,0.2
2020,SLV,SV,68.02551020408163,2.0
2020,SRB,RS,22.429066417441017,0.3333333333333333
2020,SVK,SK,17.246660825058903,0.2
2020,SWE,SE,13.33581542973874,0.0
2020,THA,TH,20.199345866071546,0.3333333333333333
2020,TJK,TJ,109.86294416243656,2.0
2020,TKM,TM,56.839393939393936,1.0
2020,TUR,TR,25.714380344033916,0.6666666666666666
2020,TWN,TW,19.06584858489931,0.16666666666666666
2020,UGA,UG,130.190625,3.0
2020,UKR,UA,29.045089285714283,0.5
2020,USA,US,13.646420563865371,0.16666666666666666
2020,UZB,UZ,97.1881443298969,2.0
2020,VNM,VN,17.13434914157742,0.16666666666666666
2020,ZAF,ZA,17.101127303472165,0.16666666666666666
2021,AFG,AF,115.46861924686192,2.0
2021,ARE,AE,35.067968087563536,0.5
2021,ARG,AR,12.231274549294698,0.16666666666666666
2021,AUS,AU,8.69989932994963,0.0
2021,AUT,AT,13.150685646937855,0.2
2021,BEL,BE,14.372007156914277,0.16666666666666666
2021,BGD,BD,154.77333333333334,3.0
2021,BGR,BG,11.472916156646322,0.0
2021,BHR,BH,118.43626062322946,2.0
2021,BIH,BA,26.73443787416917,0.5
2021,BRA,BR,13.999422193066117,0.16666666666666666
2021,CAN,CA,9.563992252794565,0.16666666666666666
2021,CHE,CH,7.952241935622827,0.0
2021,CHL,CL,20.83994662865903,0.3333333333333333
2021,CHN,CN,29.768946614980752,0.3333333333333333
2021,CIV,CI,86.46518105849582,2.0
2021,COL,CO,18.339009243382044,0.5
2021,CRI,CR,29.57264957264957,1.0
2021,CUW,CW,31.8796992481203,1.0
2021,CYP,CY,19.79976712690318,0.2
2021,CZE,CZ,18.987124970178662,0.2
2021,DEU,DE,13.507331304008199,0.16666666666666666
2021,DNK,DK,13.89969335185586,0.16666666666666666
2021,DZA,DZ,66.44299674267101,2.0
2021,ECU,EC,21.069614172868818,0.2
2021,ESP,ES,13.908813293515024,0.16666666666666666
2021,EST,EE,12.079035532994924,0.0
2021,ETH,ET,71.5646437994723,2.0
2021,FIN,FI,11.331756210854035,0.0
2021,FRA,FR,13.481009699387299,0.16666666666666666
2021,GBR,GB,12.981171596662847,0.16666666666666666
2021,GEO,GE,23.329416157325877,0.3333333333333333
2021,GHA,GH,78.18406593406593,2.0
2021,GIN,GN,94.2280701754386,2.0
2021,GRC,GR,19.537935357969566,0.16666666666666666
2021,GTM,GT,55.78550724637681,1.0
2021,HKG,HK,20.83659052453469,0.16666666666666666
2021,HRV,HR,15.847758205993772,0.16666666666666666
2021,HUN,HU,18.05642942241227,0.16666666666666666
2021,IDN,ID,63.17590386408371,1.0
2021,IND,IN,36.822618141760586,0.5
2021,IRL,IE,13.50262782813042,0.2
2021,IRN,IR,37.62980311175441,1.2
2021,IRQ,IQ,118.30708661417324,2.0
2021,ISL,IS,6.131782945736434,0.0
2021,ISR,IL,30.79269394949442,0.16666666666666666
2021,ITA,IT,20.158992672661437,0.16666666666666666
2021,JOR,JO,27.482101452132543,0.8333333333333334
2021,JPN,JP,13.94826202254656,0.16666666666666666
2021,KAZ,KZ,24.076557905931196,0.4
2021,KGZ,KG,76.86052631578947,2.0
2021,KOR,KR,22.21165935418021,0.16666666666666666
2021,KWT,KW,35.196709009081395,0.5
2021,LAO,LA,65.28645833333333,2.0
2021,LKA,LK,51.45625,1.0
2021,LTU,LT,17.243373986419673,0.2
2021,MAC,MO,21.649661590524534,0.16666666666666666
2021,MEX,MX,26.233099598758173,0.6666666666666666
2021,MKD,MK,22.35197482038099,0.3333333333333333
2021,MLI,ML,145.28865979381445,3.0
2021,MMR,MM,37.17363067292645,1.0
2021,MNG,MN,32.84192581854845,0.5
2021,NLD,NL,14.333837953971736,0.16666666666666666
2021,NOR,NO,13.53475423174039,0.2
2021,NPL,NP,60.6573809323578,1.0
2021,NZL,NZ,8.148420252398058,0.0
2021,PAK,PK,138.41772151898735,3.0
2021,PER,PE,26.37082525628807,0.6666666666666666
2021,PHL,PH,14.617310686557987,0.5
2021,POL,PL,19.777435421607812,0.16666666666666666
2021,PRI,PR,58.97787610619469,1.0
2021,PRT,PT,14.968314132600318,0.2
2021,REU,RE,8.840598290598292,0.0
2021,ROU,RO,20.949039786371106,0.2
2021,RUS,RU,16.43588779186347,0.16666666666666666
2021,SAU,SA,30.531081622493204,0.3333333333333333
2021,SGP,SG,17.943654822335027,0.2
2021,SLV,SV,79.10659898477158,2.0
2021,SRB,RS,21.78730187750342,0.3333333333333333
2021,SVK,SK,18.610364583333332,0.2
2021,SWE,SE,12.760234641751278,0.0
2021,THA,TH,19.84720113833439,0.3333333333333333
2021,TJK,TJ,120.8469387755102,2.0
2021,TKM,TM,65.96031746031746,2.0
2021,TUR,TR,26.316946333156107,0.6666666666666666
2021,TWN,TW,19.50380507409253,0.16666666666666666
2021,UGA,UG,126.60955056179776,3.0
2021,UKR,UA,32.95886317894297,0.5
2021,USA,US,13.85430591970104,0.16666666666666666
2021,UZB,UZ,108.59895833333331,2.0
2021,VNM,VN,18.44513468649419,0.16666666666666666
2021,ZAF,ZA,16.391872923141943,0.16666666666666666
2022,ARE,AE,48.27786970444918,0.6666666666666666
2022,ARG,AR,13.772061518933782,0.16666666666666666
2022,AUS,AU,8.168063009206355,0.0
2022,AUT,AT,11.687348997345893,0.2
2022,BEL,BE,26.520682622090366,0.5
2022,BGD,BD,153.196,3.0
2022,BGR,BG,11.061080754035546,0.0
2022,BHR,BH,132.05394190871368,3.0
2022,BIH,BA,24.604055314578446,0.3333333333333333
2022,BRA,BR,16.005005575621094,0.16666666666666666
2022,CAN,CA,9.64299276003629,0.16666666666666666
2022,CHE,CH,9.344415736934822,0.0
2022,CHL,CL,19.014870267300424,0.16666666666666666
2022,CHN,CN,27.832072649204353,0.3333333333333333
2022,CIV,CI,72.09163346613546,2.0
2022,COL,CO,19.19088119347873,0.5
2022,CRI,CR,27.315555555555555,1.0
2022,CYP,CY,19.756640489069028,0.2
2022,CZE,CZ,19.125780220333077,0.2
2022,DEU,DE,14.416121582084052,0.16666666666666666
2022,DNK,DK,14.67781897537842,0.16666666666666666
2022,DZA,DZ,63.07035175879397,2.0
2022,ECU,EC,19.4868288673352,0.2
2022,ESP,ES,15.711327527017497,0.16666666666666666
2022,EST,EE,11.726870229007634,0.0
2022,ETH,ET,83.09615384615384,2.0
2022,FIN,FI,11.296687891221472,0.0
2022,FRA,FR,14.864635019178493,0.16666666666666666
2022,GBR,GB,13.571922418300177,0.16666666666666666
2022,GEO,GE,21.33492366412214,0.16666666666666666
2022,GHA,GH,75.00833333333334,2.0
2022,GRC,GR,21.22060083435147,0.16666666666666666
2022,GTM,GT,25.691462241462244,0.3333333333333333
2022,HKG,HK,18.839758269720104,0.16666666666666666
2022,HRV,HR,17.213489092009798,0.16666666666666666
2022,HUN,HU,17.044308780579783,0.16666666666666666
2022,IDN,ID,66.31758905852416,1.0
2022,IND,IN,34.56065448827953,0.5
2022,IRL,IE,13.747530064681934,0.2
2022,IRN,IR,50.17135592004822,1.1666666666666667
2022,IRQ,IQ,154.172,3.0
2022,ISL,IS,5.186206896551724,0.0
2022,ISR,IL,31.242913214606165,0.16666666666666666
2022,ITA,IT,21.2578153065692,0.16666666666666666
2022,JOR,JO,14.649093271893303,0.6
2022,JPN,JP,14.459740445717886,0.16666666666666666
2022,KAZ,KZ,23.833629854978653,0.4
2022,KGZ,KG,58.95358649789029,1.0
2022,KOR,KR,21.556672345383998,0.16666666666666666
2022,KWT,KW,44.35156740968035,0.6666666666666666
2022,LAO,LA,69.16190476190476,2.0
2022,LKA,LK,61.73096446700507,2.0
2022,LTU,LT,17.384933483133675,0.2
2022,MAC,MO,19.29904580152672,0.16666666666666666
2022,MEX,MX,25.455622057332082,0.6666666666666666
2022,MKD,MK,18.97450323788559,0.3333333333333333
2022,MLI,ML,88.0,2.0
2022,MMR,MM,61.86046511627907,2.0
2022,MNG,MN,30.922826538563495,0.5
2022,NLD,NL,15.196405551257952,0.16666666666666666
2022,NOR,NO,11.99106345708312,0.0
2022,NPL,NP,68.04592134669454,1.0
2022,NZL,NZ,10.09328383427668,0.0
2022,PAK,PK,124.44748858447488,3.0
2022,PER,PE,26.043446511627906,0.6666666666666666
2022,PHL,PH,12.297938948306594,0.0
2022,POL,PL,17.184683705657815,0.16666666666666666
2022,PRI,PR,32.47761194029851,1.0
2022,PRT,PT,15.851433476800576,0.2
2022,REU,RE,8.400146468409654,0.0
2022,ROU,RO,19.603230383729205,0.2
2022,RUS,RU,15.558201321390982,0.16666666666666666
2022,SAU,SA,44.330555555555556,0.5
2022,SGP,SG,16.84885496183206,0.2
2022,SLV,SV,83.33204633204633,2.0
2022,SRB,RS,19.756475725388917,0.16666666666666666
2022,SVK,SK,16.56280915355552,0.2
2022,SWE,SE,12.917320906339558,0.0
2022,THA,TH,18.686180672516457,0.3333333333333333
2022,TJK,TJ,100.3265306122449,2.0
2022,TKM,TM,62.94642857142857,2.0
2022,TUR,TR,24.859656637799613,0.3333333333333333
2022,TWN,TW,16.78927763641504,0.16666666666666666
2022,UGA,UG,118.44725738396625,2.0
2022,UKR,UA,18.184177275273164,0.5
2022,USA,US,13.672792579918694,0.16666666666666666
2022,UZB,UZ,88.30939226519337,2.0
2022,VNM,VN,19.482718876877815,0.16666666666666666
2022,ZAF,ZA,18.24863655003427,0.16666666666666666
